Frame,L_x1,L_x2,L_x3,L_x4,L_y1,L_y2,L_y3,L_y4,R_x1,R_x2,R_x3,R_x4,R_y1,R_y2,R_y3,R_y4,L_longueur,L_largeur,disparity_mid1,disparity_mid2,disparity_mid3,disparity_mid4,longueur_cm,largeur_cm,profondeur_m
2250,2054,2102,2547,2499,167,319,178,26,1708.0,1752.0,2179.0,2135.0,231.0,381.0,256.0,106.0,466.80402740336336,159.3988707613702,348.0,359.0,366.0,355.0,33.633,12.627,1.783
2252,2054,2100,2541,2495,211,360,221,73,1711.0,1754.0,2177.0,2135.0,272.0,419.0,296.0,149.0,462.2372226465541,155.46141000261125,344.5,355.0,362.0,351.5,33.706,12.331,1.802
2254,2057,2102,2541,2496,247,393,257,111,,,,,,,,,459.5835071018106,152.7776161615307,,,,,,,
2256,2064,2108,2546,2502,275,418,282,139,,,,,,,,,458.62838987572496,149.61617559608987,,,,,,,
2258,2071,2115,2553,2509,294,437,301,158,,,,,,,,,458.62838987572496,149.61617559608987,,,,,,,
2260,2072,2117,2554,2510,312,455,319,176,,,,,,,,,458.1509030876181,149.7639809834127,,,,,,,
2262,2065,2108,2542,2498,338,479,346,205,1731.0,1773.0,2189.0,2147.0,396.0,538.0,416.0,275.0,453.44376718618594,147.55761586580343,334.5,344.0,352.0,342.5,34.152,11.622,1.854
2264,2048,2091,2521,2478,363,504,373,232,1716.0,1757.0,2171.0,2130.0,422.0,563.0,442.0,301.0,449.5119575717647,147.41099009232656,333.0,342.0,349.0,340.0,34.132,11.771,1.866
2266,2031,2074,2503,2461,375,516,385,244,1699.0,1740.0,2154.0,2113.0,435.0,576.0,456.0,316.0,449.0336847052791,147.26591594798845,333.0,341.5,348.5,340.0,34.175,11.678,1.867
2268,2021,2064,2493,2450,383,525,395,254,1688.0,1728.0,2143.0,2103.0,444.0,585.0,466.0,325.0,448.1196826741713,147.88931672030944,334.5,343.0,348.5,340.0,34.043,11.978,1.863
2270,2018,2061,2490,2447,395,537,408,266,1686.0,1726.0,2139.0,2098.0,454.0,596.0,477.0,336.0,447.9754457556798,148.36778626103444,333.5,343.0,350.0,340.5,34.099,11.9,1.862
2272,2019,2062,2492,2449,410,551,420,279,1686.0,1727.0,2141.0,2101.0,467.0,608.0,489.0,348.0,449.5119575717647,147.41099009232656,334.0,343.0,349.5,340.5,34.177,11.818,1.862
2274,2019,2062,2493,2450,421,563,432,290,1686.0,1726.0,2140.0,2100.0,477.0,619.0,500.0,358.0,450.46864485777473,148.36778626103444,334.5,344.5,351.5,341.5,34.187,11.936,1.855
2276,2012,2055,2486,2443,432,574,444,302,1677.0,1718.0,2135.0,2094.0,488.0,629.0,510.0,369.0,450.17885334608957,148.36778626103444,336.0,344.0,350.0,342.0,34.108,11.749,1.855
2278,2000,2043,2473,2430,449,590,461,320,1666.0,1706.0,2122.0,2082.0,503.0,644.0,526.0,385.0,448.9331798831537,147.41099009232656,335.5,344.0,349.5,341.0,34.117,11.865,1.858
2280,1993,2034,2465,2423,469,610,484,343,1657.0,1696.0,2113.0,2074.0,522.0,663.0,546.0,405.0,448.5601966291704,146.9804408756485,337.0,345.0,350.5,342.5,34.002,11.687,1.851
2282,1992,2033,2464,2423,484,625,500,358,1656.0,1696.0,2113.0,2073.0,537.0,678.0,561.0,420.0,448.9000445533504,147.32022943234918,336.5,344.0,350.5,343.0,34.079,11.486,1.852
2284,1994,2036,2466,2424,495,635,508,367,1659.0,1699.0,2116.0,2076.0,548.0,688.0,571.0,430.0,448.5044592866385,146.64327464974315,336.0,343.5,349.0,341.5,34.122,11.609,1.858
2286,1995,2036,2466,2425,505,646,520,379,1660.0,1699.0,2117.0,2077.0,560.0,700.0,582.0,442.0,448.08034993737454,146.84004903295286,336.0,343.0,348.5,341.5,34.119,11.555,1.859
2288,1991,2033,2462,2421,518,658,532,392,1657.0,1696.0,2113.0,2074.0,574.0,714.0,596.0,457.0,447.60054736338293,146.02140254086044,335.5,343.0,348.0,340.5,34.151,11.658,1.862
2290,1984,2025,2454,2413,530,670,544,404,1650.0,1689.0,2106.0,2067.0,586.0,725.0,608.0,469.0,447.1207890492233,145.8800877433243,335.0,342.0,347.0,340.0,34.211,11.59,1.866
2292,1976,2018,2448,2406,543,683,556,416,1641.0,1680.0,2099.0,2059.0,597.0,737.0,620.0,480.0,448.36257649362307,146.1642911247477,336.5,343.5,348.0,341.0,34.2,11.639,1.859
2294,1972,2014,2444,2403,553,694,567,426,1635.0,1674.0,2095.0,2056.0,607.0,747.0,629.0,489.0,448.8421214636612,146.9804408756485,338.5,344.5,348.0,342.0,34.153,11.663,1.853
2296,1973,2015,2449,2407,561,702,574,432,1634.0,1674.0,2096.0,2056.0,614.0,755.0,636.0,495.0,452.62373998719954,147.60165988226555,340.0,347.0,352.0,345.0,34.167,11.536,1.839
2298,1982,2023,2460,2419,575,716,587,446,1640.0,1680.0,2105.0,2065.0,628.0,769.0,649.0,508.0,455.642403645666,146.84004903295286,342.5,349.0,354.5,348.0,34.131,11.265,1.826
2300,1992,2033,2474,2433,586,728,600,458,1647.0,1687.0,2116.0,2076.0,641.0,782.0,661.0,520.0,459.2003919858954,147.80054127099805,345.5,352.0,357.5,351.0,34.085,11.237,1.81
2302,1993,2035,2481,2439,585,728,597,454,1646.0,1686.0,2120.0,2079.0,641.0,784.0,662.0,519.0,464.8408329740407,149.04026301640775,348.0,355.0,360.5,353.5,34.223,11.296,1.796
2304,1986,2028,2480,2437,573,718,584,439,1634.0,1675.0,2114.0,2073.0,630.0,775.0,650.0,506.0,470.9652322624251,151.10013236261574,352.5,359.5,365.0,358.0,34.238,11.308,1.773
2306,1973,2016,2471,2427,567,715,580,432,1617.0,1658.0,2101.0,2060.0,623.0,770.0,646.0,498.0,474.1257744523071,154.26033190681264,357.0,364.0,368.5,361.5,34.11,11.537,1.754
2308,1957,2001,2460,2416,570,720,585,435,1597.0,1638.0,2086.0,2045.0,626.0,776.0,652.0,502.0,478.44121896007243,156.32018423735306,361.5,368.5,372.5,365.5,34.058,11.614,1.733
2310,1945,1989,2455,2411,567,718,582,431,1579.0,1620.0,2075.0,2034.0,624.0,776.0,651.0,499.0,485.44000659195774,157.2800050864699,367.5,374.5,378.5,371.5,34.02,11.491,1.705
2312,1939,1983,2457,2412,556,710,575,420,1567.0,1609.0,2070.0,2028.0,616.0,770.0,644.0,490.0,492.5063451367911,160.7809068266503,373.0,380.5,385.5,378.0,33.949,11.482,1.677
2314,1937,1983,2463,2417,547,704,563,407,1561.0,1604.0,2071.0,2029.0,608.0,765.0,637.0,481.0,500.140230335453,163.12035433997806,377.5,385.5,390.0,382.0,34.055,11.634,1.658
2316,1940,1986,2472,2427,551,709,568,410,1558.0,1601.0,2074.0,2031.0,615.0,772.0,643.0,486.0,506.5207300792338,164.42095365250745,383.5,391.5,397.0,389.0,33.906,11.398,1.63
2318,1947,1991,2484,2440,565,722,582,426,1560.0,1602.0,2081.0,2039.0,631.0,786.0,656.0,500.0,512.3565652941319,162.56767821433633,388.0,396.0,402.0,394.0,33.878,11.076,1.611
2320,1954,1999,2499,2453,576,737,595,435,1561.0,1604.0,2089.0,2045.0,640.0,800.0,667.0,508.0,519.1555643542695,166.82475835438817,394.0,402.5,409.0,400.5,33.756,11.169,1.585
2322,1963,2007,2516,2471,576,738,600,437,1564.0,1608.0,2101.0,2056.0,642.0,805.0,670.0,508.0,527.0241929930731,168.48293682150725,399.0,407.0,415.0,407.0,33.787,10.97,1.563
2324,1989,2032,2532,2489,561,724,593,430,1566.0,1611.0,2109.0,2064.0,635.0,800.0,664.0,499.0,516.8761940735905,168.57639217873896,422.0,422.0,424.0,424.0,32.254,10.468,1.504
2326,1977,2024,2549,2502,561,730,583,414,1566.0,1612.0,2119.0,2074.0,625.0,793.0,655.0,487.0,545.1917094013811,175.41379649275024,411.5,421.0,429.0,419.5,33.776,11.164,1.514
2328,1981,2030,2564,2516,553,724,572,401,1566.0,1611.0,2127.0,2081.0,615.0,786.0,648.0,477.0,555.6925858781993,177.74490147399447,417.0,428.0,436.0,425.0,33.889,11.27,1.492
2330,1987,2037,2579,2530,556,729,575,402,1565.0,1612.0,2135.0,2089.0,616.0,790.0,649.0,475.0,563.9346150042574,179.9423518797062,423.5,434.5,442.5,431.5,33.85,11.228,1.47
2332,1993,2043,2595,2545,566,741,586,411,1565.0,1613.0,2144.0,2096.0,624.0,800.0,657.0,481.0,573.3489338962793,182.00274723201295,429.0,440.5,450.0,438.5,33.892,11.099,1.448
2334,2002,2051,2612,2563,573,751,595,417,1567.0,1615.0,2154.0,2106.0,631.0,809.0,663.0,486.0,582.2860121967555,184.6212338816963,435.5,447.0,457.5,446.0,33.855,11.012,1.425
2336,2012,2061,2632,2582,577,758,601,420,1570.0,1619.0,2167.0,2118.0,636.0,816.0,668.0,488.0,591.708754371608,187.64660934853046,442.0,453.5,464.5,453.0,33.856,10.996,1.404
2338,2019,2070,2651,2600,577,760,600,417,1571.0,1620.0,2177.0,2128.0,635.0,818.0,670.0,487.0,602.6284095526861,189.97368238785077,449.0,462.0,473.0,460.0,33.865,11.028,1.381
2340,2025,2076,2667,2616,581,766,602,417,1571.0,1620.0,2186.0,2137.0,636.0,822.0,673.0,486.0,613.3326992750345,191.90101615155663,455.0,468.5,480.0,466.5,33.957,10.981,1.361
2342,2030,2081,2681,2630,594,781,616,429,1569.0,1618.0,2192.0,2142.0,650.0,836.0,683.0,496.0,622.2740553807462,193.82982226685345,462.0,476.0,488.5,474.5,33.877,10.877,1.339
2344,2033,2084,2692,2641,612,800,637,448,1566.0,1615.0,2196.0,2146.0,668.0,856.0,702.0,514.0,629.6000714739477,195.27736684009236,468.0,482.5,495.5,481.0,33.814,10.806,1.321
2346,2036,2086,2700,2650,633,823,660,470,1562.0,1612.0,2198.0,2148.0,691.0,880.0,725.0,536.0,635.2676601244549,196.468827043885,474.0,488.0,502.0,488.0,33.684,10.669,1.304
2348,2039,2088,2710,2660,653,845,684,492,1558.0,1608.0,2201.0,2151.0,713.0,903.0,749.0,559.0,642.0149920367903,198.27821362923362,480.5,494.5,509.0,495.0,33.58,10.606,1.287
2350,2043,2092,2719,2670,673,867,708,514,1557.0,1607.0,2206.0,2156.0,737.0,929.0,772.0,580.0,646.8461950108388,200.09247861926244,485.5,499.0,513.5,500.0,33.509,10.591,1.274
2352,2051,2099,2732,2684,697,892,736,540,1559.0,1610.0,2214.0,2163.0,763.0,956.0,798.0,605.0,652.0592381064776,201.30635856822803,490.5,503.5,519.5,506.5,33.403,10.517,1.26
2354,2061,2109,2748,2700,716,915,760,561,1566.0,1615.0,2224.0,2175.0,787.0,979.0,821.0,629.0,657.5302274420545,204.70710783946902,494.5,509.0,524.5,510.0,33.367,10.628,1.249
2356,2072,2120,2765,2717,732,935,782,579,1570.0,1622.0,2237.0,2185.0,802.0,1000.0,840.0,642.0,662.8981822271049,208.5976989326584,500.0,513.0,530.0,517.0,33.255,10.699,1.236
2358,2079,2128,2780,2732,744,948,793,588,1575.0,1627.0,2247.0,2195.0,812.0,1012.0,852.0,652.0,670.7730614745944,210.17254815983938,502.5,517.0,535.0,520.5,33.382,10.706,1.227
2360,2084,2132,2790,2742,750,955,799,594,1577.0,1629.0,2253.0,2201.0,818.0,1019.0,857.0,656.0,676.2396025078685,210.54453210663058,505.0,520.0,539.0,524.0,33.431,10.662,1.22
2362,2084,2133,2795,2747,761,967,811,605,1575.0,1626.0,2255.0,2203.0,827.0,1030.0,869.0,666.0,680.6190197166106,211.63234629895308,508.0,523.5,542.0,526.5,33.455,10.658,1.213
2364,2083,2132,2798,2749,778,986,829,621,1569.0,1622.0,2254.0,2201.0,843.0,1046.0,884.0,680.0,684.2550694002931,213.693706037403,512.0,527.0,546.0,531.0,33.388,10.689,1.204
2366,2079,2128,2798,2749,799,1008,852,643,1562.0,1615.0,2251.0,2198.0,865.0,1070.0,905.0,701.0,687.9215071503435,214.66718426438635,515.0,530.0,549.0,534.0,33.399,10.685,1.197
2368,2075,2124,2796,2747,822,1032,875,665,1554.0,1607.0,2247.0,2195.0,889.0,1095.0,930.0,725.0,690.0963700817445,215.64090521049107,519.0,533.0,550.5,536.5,33.354,10.681,1.19
2370,2071,2120,2794,2745,839,1051,893,681,1548.0,1601.0,2244.0,2191.0,910.0,1117.0,951.0,744.0,692.2716229920161,217.5890622251036,521.0,534.5,552.0,538.5,33.371,10.752,1.186
2372,2069,2119,2798,2748,848,1061,903,690,1542.0,1595.0,2243.0,2190.0,922.0,1131.0,964.0,756.0,697.1405884038026,218.78985351245154,525.5,539.5,556.5,542.5,33.331,10.716,1.177
2374,2070,2120,2805,2754,854,1068,907,693,1540.0,1594.0,2246.0,2192.0,930.0,1140.0,972.0,763.0,703.1793867854774,219.8778069746922,528.0,542.5,560.5,546.0,33.41,10.71,1.17
2376,2073,2124,2814,2763,862,1077,915,699,1540.0,1594.0,2251.0,2196.0,938.0,1149.0,980.0,769.0,708.8767523342827,221.45259086314616,531.5,546.5,565.0,550.0,33.422,10.711,1.161
2378,2076,2127,2823,2773,876,1093,930,713,1539.0,1594.0,2248.0,2193.0,953.0,1165.0,997.0,785.0,715.3189847893036,222.79867593861505,535.0,554.0,577.5,558.5,33.272,10.637,1.145
2380,2078,2129,2830,2779,901,1118,955,738,1537.0,1592.0,2258.0,2203.0,981.0,1193.0,1021.0,809.0,719.701326940558,222.91253890259293,539.0,554.5,574.0,558.5,33.427,10.64,1.144
2382,2079,2130,2833,2783,925,1144,982,763,1535.0,1590.0,2257.0,2202.0,1008.0,1222.0,1050.0,836.0,721.9115250499884,224.74708007002005,542.0,558.0,578.5,562.5,33.316,10.671,1.136
2384,2079,2128,2837,2787,944,1165,1005,784,1531.0,1587.0,2261.0,2205.0,1031.0,1247.0,1074.0,857.0,726.3416895649044,226.4757161375144,544.5,558.5,579.0,565.0,33.441,10.776,1.133
2386,2076,2127,2838,2787,958,1180,1019,797,1526.0,1582.0,2259.0,2203.0,1045.0,1264.0,1089.0,871.0,729.0006858707336,227.7827912727386,547.5,562.0,581.5,567.0,33.412,10.755,1.128
2388,2072,2122,2836,2786,969,1193,1034,810,1519.0,1576.0,2257.0,2200.0,1057.0,1276.0,1101.0,882.0,731.4895761389905,229.5125268912353,549.5,562.5,582.5,569.5,33.456,10.863,1.125
2390,2066,2117,2833,2782,982,1206,1043,819,1511.0,1568.0,2252.0,2195.0,1067.0,1288.0,1112.0,891.0,734.3194127898295,229.73245308401684,552.0,565.0,584.0,571.0,33.49,10.812,1.121
2392,2063,2114,2835,2784,989,1215,1052,826,1504.0,1561.0,2249.0,2192.0,1073.0,1294.0,1117.0,896.0,739.1955086443639,231.68297304722245,556.0,569.5,589.0,575.5,33.452,10.819,1.112
2394,2059,2111,2832,2780,1001,1228,1062,836,1498.0,1555.0,2246.0,2189.0,1082.0,1304.0,1126.0,904.0,739.7508026355903,232.39244824219224,558.5,571.0,588.5,576.0,33.449,10.812,1.11
2396,2057,2109,2833,2780,1015,1243,1076,849,1492.0,1550.0,2244.0,2186.0,1094.0,1317.0,1137.0,914.0,742.4112741600844,233.47912112221084,562.0,574.0,591.5,579.5,33.394,10.819,1.103
2398,2055,2107,2834,2782,1028,1257,1090,861,1486.0,1544.0,2243.0,2185.0,1106.0,1330.0,1150.0,925.0,745.934313461983,234.8297255459794,566.0,577.0,594.0,583.0,33.386,10.837,1.097
2400,2053,2104,2834,2782,1048,1277,1111,883,1480.0,1539.0,2226.0,2167.0,1125.0,1350.0,1170.0,946.0,748.037766426268,234.231722872885,569.0,586.5,611.5,594.0,32.908,10.674,1.079
2402,2051,2103,2838,2786,1073,1304,1139,908,1474.0,1533.0,2240.0,2181.0,1151.0,1378.0,1192.0,965.0,753.2927717693832,236.78048906107108,573.5,584.0,601.5,591.0,33.313,10.837,1.083
2404,2048,2100,2831,2779,1091,1324,1163,929,1469.0,1529.0,2239.0,2179.0,1170.0,1400.0,1213.0,984.0,748.6275776379067,239.22008694923593,575.0,581.5,596.0,589.5,33.316,11.03,1.087
2406,2044,2095,2832,2781,1096,1329,1168,935,1466.0,1526.0,2235.0,2175.0,1177.0,1407.0,1221.0,992.0,754.3805405761736,238.51624682608102,573.5,583.0,601.5,592.0,33.385,11.002,1.083
2408,2039,2086,2818,2770,1107,1334,1181,955,1463.0,1522.0,2228.0,2168.0,1190.0,1418.0,1234.0,1007.0,747.2272077487543,231.42709435154734,570.0,577.0,596.0,589.0,33.358,10.92,1.091
2410,2033,2077,2798,2754,1117,1340,1196,972,1461.0,1520.0,2218.0,2159.0,1205.0,1430.0,1249.0,1024.0,735.3375075433049,227.78992515034548,564.5,568.5,587.5,583.5,33.274,11.081,1.105
2412,2023,2072,2780,2731,1118,1340,1183,961,1465.0,1521.0,2208.0,2152.0,1200.0,1418.0,1241.0,1023.0,725.1985934900866,227.343352662883,554.5,561.5,575.5,568.5,33.496,10.857,1.126
2414,2018,2067,2761,2712,1111,1330,1175,956,1471.0,1526.0,2201.0,2146.0,1191.0,1406.0,1234.0,1018.0,711.098446067772,224.4147945212169,544.0,550.5,563.0,556.5,33.559,10.904,1.149
2416,2017,2066,2746,2698,1107,1323,1170,954,1482.0,1537.0,2198.0,2143.0,1184.0,1397.0,1228.0,1015.0,697.4878135136125,221.37807027797493,532.0,538.5,551.5,545.0,33.626,11.016,1.174
2418,2018,2066,2734,2686,1110,1321,1172,960,1494.0,1548.0,2196.0,2143.0,1184.0,1392.0,1226.0,1018.0,684.524835195919,216.87842216320183,521.0,528.0,540.5,533.5,33.688,10.984,1.199
2420,2018,2064,2717,2671,1118,1325,1181,973,1504.0,1556.0,2192.0,2140.0,1190.0,1395.0,1233.0,1028.0,668.7968675165876,212.53764372458824,511.0,516.5,528.0,522.5,33.661,11.033,1.225
2422,2012,2057,2696,2652,1126,1330,1190,986,1509.0,1560.0,2184.0,2133.0,1196.0,1398.0,1241.0,1039.0,654.6451328773476,208.7971503636963,500.0,504.5,515.5,511.0,33.744,11.13,1.253
2424,2004,2047,2672,2628,1126,1325,1189,990,1512.0,1562.0,2171.0,2121.0,1197.0,1395.0,1240.0,1043.0,639.1371136149113,203.69891997750014,488.5,493.0,504.0,499.5,33.725,11.124,1.282
2426,1996,2038,2647,2605,1115,1307,1174,982,1517.0,1564.0,2161.0,2113.0,1188.0,1378.0,1229.0,1038.0,623.3538321050092,196.5400722499104,476.5,480.0,489.0,485.5,33.859,10.988,1.318
2428,1988,2030,2625,2583,1096,1283,1151,965,1521.0,1566.0,2150.0,2105.0,1171.0,1355.0,1211.0,1027.0,609.3580638672142,191.17073520808566,465.5,469.5,476.5,472.5,33.953,10.837,1.351
2430,1981,2022,2604,2563,1077,1259,1128,946,1525.0,1568.0,2140.0,2096.0,1153.0,1333.0,1194.0,1014.0,596.560977604134,186.560981987124,455.0,459.0,465.5,461.5,34.029,10.801,1.382
2432,1975,2015,2584,2544,1057,1234,1106,929,1528.0,1571.0,2131.0,2088.0,1136.0,1312.0,1175.0,1000.0,583.219512705122,181.46349495146399,445.5,448.5,454.5,451.5,34.054,10.76,1.413
2434,1970,2009,2568,2529,1040,1213,1085,912,1532.0,1574.0,2124.0,2082.0,1118.0,1291.0,1158.0,985.0,573.467523056014,177.341478509682,436.5,439.5,445.5,442.5,34.169,10.727,1.442
2436,1968,2006,2557,2519,1022,1194,1073,901,1538.0,1579.0,2119.0,2079.0,1101.0,1272.0,1143.0,972.0,564.1294177757441,176.14766532656628,428.5,432.5,439.0,435.0,34.151,10.81,1.466
2438,1966,2006,2547,2508,1014,1184,1058,888,1545.0,1584.0,2118.0,2078.0,1089.0,1259.0,1134.0,964.0,555.9660511218289,174.52865094304718,421.5,425.5,429.5,425.5,34.348,10.87,1.495
2440,1973,2012,2540,2501,1012,1181,1058,889,1550.0,1590.0,2116.0,2076.0,1087.0,1256.0,1132.0,964.0,542.1374364494671,173.44163283364233,422.5,423.0,424.5,424.0,33.831,10.864,1.502
2442,1971,2010,2532,2494,1015,1182,1061,894,1554.0,1593.0,2113.0,2075.0,1088.0,1255.0,1135.0,968.0,536.3275584938741,171.38042478649655,417.0,418.0,419.0,418.0,33.909,10.865,1.522
2444,1971,2009,2526,2487,1025,1191,1070,904,1557.0,1596.0,2111.0,2073.0,1097.0,1262.0,1142.0,976.0,530.4839771378586,170.4061325187565,413.5,414.0,414.5,414.0,33.908,10.908,1.536
2446,1973,2010,2524,2487,1041,1206,1088,923,1562.0,1599.0,2112.0,2074.0,1110.0,1274.0,1157.0,993.0,527.3708372672877,169.09760495051373,411.0,411.5,412.5,412.0,33.87,10.889,1.545
2448,1983,2020,2525,2488,1057,1221,1107,943,1567.0,1605.0,2114.0,2077.0,1127.0,1290.0,1172.0,1009.0,517.7074463439752,168.12197952677099,415.5,413.0,411.0,413.5,33.469,10.788,1.539
2450,1983,2020,2525,2488,1057,1221,1107,943,1573.0,1611.0,2118.0,2081.0,1143.0,1306.0,1190.0,1027.0,517.7074463439752,168.12197952677099,409.5,408.0,407.0,408.5,33.748,10.921,1.558
2452,1986,2022,2531,2494,1097,1260,1145,983,1580.0,1617.0,2124.0,2087.0,1161.0,1323.0,1208.0,1046.0,521.231714307562,166.5487916497745,405.5,406.0,407.0,406.5,33.928,10.875,1.566
2454,1985,2021,2536,2500,1122,1285,1171,1008,1586.0,1623.0,2129.0,2093.0,1184.0,1346.0,1232.0,1070.0,527.4665866194749,166.9281282468596,398.5,402.5,407.0,403.0,34.43,10.997,1.579
2456,1990,2026,2540,2504,1145,1307,1194,1032,1592.0,1628.0,2134.0,2098.0,1207.0,1369.0,1255.0,1093.0,526.2746431284714,165.95180023127196,398.0,402.0,406.0,402.0,34.424,10.94,1.582
2458,1993,2029,2542,2507,1169,1331,1218,1056,1596.0,1632.0,2136.0,2100.0,1231.0,1392.0,1279.0,1118.0,525.7863159117019,165.84405325485747,397.0,401.5,406.5,402.0,34.4,10.956,1.583
2460,1996,2031,2545,2510,1196,1357,1245,1084,1598.0,1635.0,2139.0,2103.0,1259.0,1420.0,1307.0,1146.0,526.0608329841712,164.7604321431575,397.0,401.0,406.5,402.5,34.423,10.936,1.583
2462,1999,2033,2548,2514,1224,1386,1277,1115,1601.0,1638.0,2144.0,2108.0,1291.0,1453.0,1339.0,1177.0,526.4085865561085,165.5294535724685,396.5,399.5,405.0,402.0,34.544,11.09,1.587
2464,2003,2037,2553,2518,1251,1413,1304,1142,1605.0,1641.0,2149.0,2112.0,1321.0,1484.0,1370.0,1207.0,526.8977604811013,165.63287717117035,397.0,400.0,405.0,402.0,34.563,11.063,1.586
2466,2007,2040,2557,2523,1276,1439,1332,1169,1609.0,1645.0,2153.0,2117.0,1350.0,1513.0,1399.0,1236.0,527.4668236012574,166.40688086734875,396.5,399.5,405.0,402.0,34.617,11.169,1.587
2468,2010,2043,2561,2527,1305,1469,1363,1199,1612.0,1648.0,2157.0,2121.0,1380.0,1544.0,1431.0,1268.0,528.2444983149375,167.38652872916626,396.5,399.5,405.0,402.0,34.671,11.246,1.587
2470,2012,2045,2564,2531,1335,1499,1394,1230,1613.0,1650.0,2159.0,2123.0,1413.0,1577.0,1463.0,1299.0,529.5148723123837,167.28717822953436,397.0,400.0,406.5,403.5,34.665,11.322,1.583
2472,2014,2047,2567,2533,1363,1529,1425,1259,1614.0,1651.0,2162.0,2125.0,1443.0,1609.0,1494.0,1329.0,529.8077481502135,169.3465381990432,398.0,400.5,406.5,404.0,34.653,11.459,1.581
2474,2014,2047,2568,2535,1400,1566,1463,1297,,,,,,,,,531.0837975310487,169.24833824885843,,,,,,,
2476,2013,2046,2568,2536,1444,1611,1510,1343,1608.0,1647.0,2162.0,2124.0,1526.0,1693.0,1575.0,1408.0,532.1721995745362,170.13303618051376,402.0,402.5,409.0,408.5,34.565,11.798,1.569
2478,2009,2042,2568,2535,1486,1658,1557,1385,1602.0,1641.0,2160.0,2121.0,1569.0,1739.0,1619.0,1449.0,535.6089991775717,175.13708916160505,404.0,404.5,411.0,410.5,34.631,12.095,1.561
2480,2005,2038,2566,2533,1533,1705,1602,1431,1593.0,1634.0,2157.0,2116.0,1614.0,1788.0,1664.0,1490.0,537.857090684877,174.6460706686526,408.0,406.5,413.0,414.5,34.568,12.345,1.549
2482,2003,2035,2570,2538,1592,1767,1668,1493,1584.0,1625.0,2156.0,2116.0,1670.0,1848.0,1726.0,1548.0,544.0827142999491,177.9016582272352,414.5,412.0,418.0,420.5,34.525,12.516,1.528
2484,2005,2038,2581,2547,1656,1839,1741,1558,1580.0,1623.0,2161.0,2119.0,1737.0,1920.0,1794.0,1611.0,551.2805547087617,186.04099010701916,420.0,417.5,424.0,426.5,34.498,12.997,1.507
2486,2011,2047,2593,2558,1706,1898,1797,1605,,,,,,,,,555.7546670969125,195.25432133502193,,,,,,,
2488,2021,2056,2608,2572,1748,1943,1843,1648,1584.0,1631.0,2180.0,2133.0,1838.0,2030.0,1894.0,1702.0,560.4928634692862,198.20507057086104,431.0,426.5,433.5,438.0,34.282,13.983,1.471
2490,2029,2066,2622,2585,1787,1985,1881,1683,1591.0,1640.0,2193.0,2145.0,1880.0,2076.0,1939.0,1743.0,565.6429969512573,201.42740627829173,432.0,427.5,434.5,439.0,34.518,14.199,1.468
2492,2038,2076,2638,2600,1832,2033,1928,1727,1598.0,1648.0,2206.0,2157.0,1929.0,2129.0,1992.0,1792.0,571.724584043751,204.56050449683585,434.0,430.0,437.5,441.5,34.663,14.362,1.46
2494,2046,2083,2648,2611,1878,2083,1982,1777,1598.0,1648.0,2206.0,2157.0,1929.0,2129.0,1992.0,1792.0,573.9564443405092,208.3122656014283,441.5,438.5,448.0,451.0,34.038,14.518,1.43
2496,2045,2085,2656,2617,1934,2145,2037,1826,,,,,,,,,581.6152078479379,214.66543736708059,,,,,,,
2502,2972,2825,3093,3241,1201,1351,1615,1465,2405.0,2586.0,2746.0,2566.0,1409.0,1635.0,1506.0,1280.0,376.54780572989665,210.37169486411426,403.0,293.0,511.0,621.0,35.113,125.223,1.411
2504,2776,3002,3277,3051,1383,1782,1627,1227,2394.0,2619.0,2795.0,2570.0,1482.0,1772.0,1636.0,1346.0,458.99482567889584,315.9196891616602,382.5,432.5,481.5,431.5,28.028,37.65,1.472
2506,2840,3110,3288,3019,1478,1799,1649,1329,2390.0,2595.0,2796.0,2592.0,1519.0,1826.0,1691.0,1385.0,418.7487313413618,232.83577903750103,482.5,503.5,459.5,438.5,24.416,16.366,1.357
2508,2777,3089,3299,2986,1479,1794,1585,1271,2390.0,2595.0,2796.0,2592.0,1519.0,1826.0,1691.0,1385.0,443.3582073222509,295.57148035627523,440.5,498.5,448.5,390.5,37.477,17.348,1.452
2510,2818,3101,3313,3029,1552,1842,1636,1345,2398.0,2628.0,2807.0,2578.0,1592.0,1886.0,1747.0,1452.0,405.90947266601205,295.5917793173552,446.5,489.5,478.5,435.5,22.569,18.469,1.38
2512,2837,3162,3339,3014,1621,1972,1807,1457,2411.0,2638.0,2822.0,2596.0,1661.0,1978.0,1846.0,1529.0,477.99084719270513,241.63867653999432,475.0,520.5,467.5,422.0,31.434,14.177,1.365
2514,2827,3209,3404,3022,1698,2117,1940,1521,2386.0,2666.0,2875.0,2594.0,1732.0,2118.0,1966.0,1580.0,566.9964726521674,263.3514761682569,492.0,536.0,478.5,434.5,32.164,15.549,1.325
2526,2424,2564,2722,2582,1445,1636,1521,1330,,,,,,,,,236.81427321848656,195.420060382756,,,,,,,
2528,2290,2467,2705,2528,1429,1704,1551,1276,,,,,,,,,327.0382240656281,282.936388610585,,,,,,,
2530,2377,2565,2712,2524,1404,1713,1624,1315,,,,,,,,,361.69738732813653,171.8429515575195,,,,,,,
2532,2292,2483,2690,2499,1565,1805,1641,1401,,,,,,,,,306.72626232522055,264.09278672466615,,,,,,,
2534,2259,2439,2687,2507,1572,1873,1724,1423,,,,,,,,,350.71498399697725,289.31816396486414,,,,,,,
2536,2250,2426,2676,2500,1630,1927,1779,1482,,,,,,,,,345.23180618245476,290.5236651290218,,,,,,,
2538,2235,2418,2673,2489,1685,1996,1846,1535,,,,,,,,,361.1000553863153,295.415385516733,,,,,,,
2540,2232,2443,2677,2466,1803,2075,1894,1622,,,,,,,,,344.2455518957362,295.83272300406526,,,,,,,
2544,2310,2414,2594,2491,1965,2089,1937,1814,,,,,,,,,235.65334710120288,161.13503653768166,,,,,,,
2554,3225,3153,3529,3601,820,1084,1186,922,,,,,,,,,389.58952757999026,273.64210202379314,,,,,,,
2556,3123,3055,3565,3634,818,1119,1236,935,,,,,,,,,523.735858997644,308.69604791768876,,,,,,,
2558,3123,3172,3617,3568,987,1290,1218,915,,,,,,,,,450.78708943358174,306.93647551244214,,,,,,,
2560,3220,3114,3521,3627,940,1231,1379,1089,,,,,,,,,433.24502305277554,309.23494304492823,,,,,,,
2562,3293,3124,3426,3595,998,1283,1462,1177,,,,,,,,,351.062672467467,331.3397048347813,,,,,,,
2564,3255,3114,3508,3649,1058,1342,1537,1254,,,,,,,,,439.8366173933225,316.62793622799614,,,,,,,
2566,3156,3186,3650,3620,1223,1564,1523,1182,,,,,,,,,465.8079003194343,342.31710445141357,,,,,,,
2568,3307,3158,3471,3621,1191,1462,1634,1363,,,,,,,,,357.58390623740326,309.5016155046691,,,,,,,
2570,3296,3089,3442,3649,1173,1448,1713,1438,,,,,,,,,441.40004531037374,344.200522951375,,,,,,,
2572,3029,2996,3618,3651,1317,1763,1809,1363,,,,,,,,,623.698645180507,447.21918563496354,,,,,,,
2578,3072,3017,3633,3688,1476,1930,2005,1551,,,,,,,,,620.5489505268702,457.31936324629856,,,,,,,
2580,3204,3377,3592,3420,1732,2025,1899,1605,,,,,,,,,340.43868757824805,249.884973537826,,,,,,,
2582,3385,3194,3556,3747,1577,1880,2108,1805,,,,,,,,,427.8177181931576,358.1759344232943,,,,,,,
2596,493,889,1031,635,191,638,513,65,,,,,,,,,597.5552275731508,189.51055379582425,,,,,,,
2602,822,809,1075,1087,156,622,629,163,,,,,,,,,466.16762006814673,265.5922626885053,,,,,,,
2606,611,593,1009,1027,145,425,452,172,,,,,,,,,416.8752811093505,280.5779749018087,,,,,,,
2608,775,786,977,967,333,767,762,328,,,,,,,,,434.12699754795256,191.56526303064447,,,,,,,
2610,837,660,845,1021,333,600,722,454,,,,,,,,,320.4816687425351,220.9128787554044,,,,,,,
2612,745,706,871,909,399,725,745,418,,,,,,,,,328.7620720216978,165.6517431239406,,,,,,,
2614,756,699,873,930,445,784,813,474,,,,,,,,,343.7586362551492,176.40011337864837,,,,,,,
2616,756,699,873,930,445,784,813,474,,,,,,,,,343.7586362551492,176.40011337864837,,,,,,,
2618,867,666,846,1047,523,766,914,671,,,,,,,,,315.35694062442957,233.03218661807213,,,,,,,
2620,770,713,877,934,588,925,953,615,,,,,,,,,342.27949105957254,166.2896569242958,,,,,,,
2622,718,643,919,994,642,1149,1190,683,,,,,,,,,512.5173167806138,279.0286723618202,,,,,,,
2624,867,673,846,1039,671,931,1060,800,,,,,,,,,324.1022215289491,215.40020891354771,,,,,,,
2626,780,717,878,941,734,1073,1103,764,,,,,,,,,344.80429231667057,163.77118183612157,,,,,,,
2628,754,691,941,1004,783,1175,1215,823,,,,,,,,,397.0302255496425,253.17977802344325,,,,,,,
2630,754,691,941,1004,783,1175,1215,823,,,,,,,,,397.0302255496425,253.17977802344325,,,,,,,
2632,778,706,869,941,885,1223,1258,920,,,,,,,,,345.5835644240044,166.715326230074,,,,,,,
2634,874,637,803,1040,923,1184,1336,1075,,,,,,,,,352.5478690901421,225.07776433935007,,,,,,,
2636,874,637,803,1040,923,1184,1336,1075,,,,,,,,,352.5478690901421,225.07776433935007,,,,,,,
2638,855,635,809,1029,992,1292,1420,1120,,,,,,,,,372.0215047547655,216.0092590608097,,,,,,,
2640,855,635,809,1029,992,1292,1420,1120,,,,,,,,,372.0215047547655,216.0092590608097,,,,,,,
2642,479,668,990,802,1367,1772,1622,1217,,,,,,,,,446.7183116909357,355.6771710413813,,,,,,,
2644,479,668,990,802,1367,1772,1622,1217,,,,,,,,,446.7183116909357,355.6771710413813,,,,,,,
2646,652,462,818,1008,1292,1696,1864,1461,,,,,,,,,445.99579594431157,393.86323768536715,,,,,,,
2648,463,748,1011,727,1612,1924,1683,1372,,,,,,,,,421.8678703101245,356.75271547670104,,,,,,,
2650,3329,3173,3616,3772,1384,1817,1977,1544,,,,,,,,,471.008492492439,460.2445002387318,,,,,,,
